detail_import_id,import_id,product_id,quantity
0,110,10,43
1,149,5,43
2,15,18,22
3,180,6,18
4,44,23,19
5,64,30,24
6,78,15,17
7,193,17,14
8,54,21,32
9,44,25,14
10,79,44,46
11,101,27,24
12,158,54,21
13,175,4,18
14,123,16,35
15,183,54,9
16,20,29,12
17,9,34,27
18,197,29,38
19,89,42,38
20,27,3,46
21,130,19,20
22,80,41,11
23,175,2,17
24,93,60,19
25,12,2,15
26,131,39,43
27,29,42,10
28,19,8,39
29,156,41,11
30,113,11,29
31,86,48,45
32,154,18,42
33,111,16,38
34,48,35,40
35,130,1,42
36,145,2,31
37,183,34,45
38,86,57,12
39,166,20,48
40,73,58,40
41,69,19,16
42,129,11,26
43,36,58,38
44,197,52,25
45,101,21,20
46,78,33,5
47,132,37,50
48,28,43,42
49,80,38,27
50,9,9,30
51,59,3,42
52,135,15,27
53,38,58,10
54,183,13,44
55,126,6,34
56,13,35,40
57,13,3,12
58,66,22,49
59,53,20,12
60,125,20,6
61,151,26,25
62,21,11,31
63,182,25,12
64,19,27,44
65,14,13,30
66,74,12,26
67,161,15,12
68,1,40,31
69,63,53,40
70,56,55,16
71,139,22,48
72,149,10,11
73,56,29,35
74,179,43,22
75,155,14,9
76,168,3,49
77,123,30,49
78,153,12,20
79,26,51,22
80,108,8,30
81,32,55,22
82,16,45,32
83,178,50,15
84,32,13,10
85,77,25,28
86,24,33,19
87,61,36,38
88,131,11,39
89,14,51,50
90,104,26,44
91,175,12,18
92,146,32,47
93,142,25,11
94,121,21,25
95,121,36,46
96,62,48,23
97,24,43,36
98,62,48,31
99,59,18,19
100,46,4,35
101,116,3,38
102,74,9,28
103,80,51,14
104,197,51,35
105,130,9,50
106,91,13,7
107,2,18,47
108,47,41,28
109,172,34,32
110,148,19,18
111,64,30,29
112,198,8,38
113,42,45,28
114,180,33,6
115,44,11,8
116,123,54,30
117,19,52,10
118,83,29,35
119,32,10,44
120,8,39,30
121,184,50,20
122,15,56,27
123,182,18,33
124,60,7,11
125,9,49,41
126,165,51,29
127,88,29,19
128,134,12,5
129,106,46,50
130,143,56,27
131,145,11,9
132,19,28,16
133,56,48,11
134,48,26,48
135,37,6,50
136,180,51,25
137,156,33,8
138,165,14,42
139,13,38,25
140,24,42,39
141,41,56,12
142,85,15,37
143,108,14,8
144,33,30,31
145,157,34,47
146,39,30,24
147,55,7,17
148,181,57,47
149,140,35,26
150,26,31,8
151,122,52,18
152,140,28,28
153,170,45,20
154,14,48,36
155,108,16,50
156,180,6,45
157,21,57,46
158,70,52,42
159,10,5,24
160,64,8,41
161,119,22,26
162,130,32,49
163,62,20,27
164,148,13,32
165,13,25,12
166,119,24,50
167,105,42,42
168,83,25,16
169,185,37,9
170,2,11,33
171,73,42,47
172,87,41,26
173,58,9,18
174,98,44,21
175,106,55,40
176,90,9,49
177,4,33,18
178,8,36,19
179,69,9,8
180,22,54,13
181,22,8,43
182,155,53,28
183,173,35,10
184,18,8,30
185,161,60,18
186,49,18,28
187,90,22,15
188,83,44,17
189,126,9,8
190,47,58,18
191,38,40,14
192,64,7,27
193,125,39,28
194,199,57,19
195,84,48,7
196,3,28,39
197,2,31,40
198,69,42,15
199,130,56,20
200,64,26,46
201,163,44,36
202,91,33,32
203,50,36,37
204,87,15,24
205,86,6,50
206,88,33,17
207,199,23,40
208,135,55,43
209,116,53,28
210,175,45,27
211,73,29,27
212,99,20,45
213,74,2,24
214,124,14,20
215,129,45,32
216,62,24,6
217,151,55,32
218,155,23,50
219,70,36,34
220,72,5,29
221,114,33,34
222,80,5,48
223,103,37,12
224,23,19,19
225,168,43,29
226,88,39,38
227,60,59,49
228,99,46,44
229,51,42,8
230,134,15,29
231,177,56,15
232,162,59,15
233,59,50,21
234,126,53,37
235,75,28,39
236,14,39,34
237,149,41,45
238,155,42,45
239,173,52,42
240,4,46,46
241,19,41,31
242,120,8,29
243,11,10,42
244,176,41,10
245,174,50,49
246,99,1,34
247,129,44,29
248,136,46,8
249,145,2,45
250,70,31,42
251,178,2,40
252,86,23,20
253,152,13,19
254,84,42,15
255,11,35,17
256,99,38,6
257,15,52,25
258,91,26,40
259,134,39,20
260,129,47,17
261,196,27,35
262,78,12,30
263,84,47,9
264,96,25,14
265,42,11,14
266,91,60,29
267,127,15,45
268,37,16,41
269,180,44,24
270,197,37,30
271,89,24,24
272,52,52,16
273,9,31,36
274,86,24,35
275,125,54,38
276,174,8,34
277,67,58,31
278,163,42,41
279,51,19,7
280,157,59,45
281,136,37,31
282,178,36,7
283,22,27,42
284,61,13,50
285,45,8,10
286,3,40,11
287,130,1,25
288,120,20,15
289,98,42,39
290,136,58,31
291,155,60,10
292,64,25,38
293,9,44,8
294,61,39,16
295,47,32,41
296,30,35,33
297,72,44,15
298,158,12,42
299,148,46,15
300,140,38,42
301,46,29,46
302,194,59,28
303,123,27,29
304,40,59,28
305,64,47,34
306,80,5,21
307,145,3,44
308,193,25,5
309,137,41,42
310,143,45,15
311,8,2,30
312,109,2,47
313,154,5,49
314,183,46,19
315,44,39,36
316,125,46,13
317,58,19,8
318,112,17,39
319,167,59,12
320,175,47,16
321,41,41,10
322,99,23,49
323,62,34,15
324,64,18,49
325,26,3,40
326,72,30,23
327,189,29,32
328,150,48,42
329,70,33,30
330,14,9,38
331,135,57,23
332,42,42,13
333,150,28,11
334,8,39,15
335,10,19,42
336,0,48,42
337,112,51,30
338,58,32,48
339,117,58,7
340,12,16,18
341,97,30,30
342,136,20,6
343,145,44,22
344,115,8,46
345,27,36,19
346,187,45,22
347,118,16,42
348,119,50,45
349,106,52,22
350,43,57,27
351,166,21,23
352,55,36,44
353,162,50,26
354,16,45,34
355,42,15,11
356,35,56,35
357,55,4,28
358,13,32,19
359,69,34,32
360,104,32,7
361,105,34,29
362,138,7,46
363,98,19,47
364,126,5,35
365,77,12,30
366,91,59,40
367,168,13,35
368,175,49,14
369,151,33,6
370,88,5,43
371,110,33,48
372,175,31,15
373,179,4,15
374,17,51,15
375,68,23,24
376,174,43,19
377,11,45,42
378,6,12,23
379,63,50,42
380,90,23,6
381,157,41,39
382,101,47,35
383,63,57,42
384,169,14,8
385,184,31,27
386,156,44,16
387,47,45,27
388,96,39,17
389,117,23,44
390,50,8,43
391,17,32,13
392,3,39,39
393,51,24,34
394,157,20,47
395,196,35,17
396,154,33,20
397,15,9,28
398,46,31,31
399,53,40,49
400,24,35,9
401,2,10,27
402,90,5,35
403,98,54,18
404,181,23,11
405,146,3,30
406,102,27,41
407,183,3,9
408,23,40,23
409,79,28,42
410,45,45,25
411,42,26,34
412,20,51,24
413,91,44,44
414,41,7,47
415,10,25,8
416,198,51,46
417,10,45,42
418,148,25,26
419,151,26,41
420,97,39,12
421,181,40,35
422,43,9,5
423,70,40,24
424,25,3,42
425,44,49,8
426,140,8,44
427,159,14,19
428,64,37,49
429,12,31,44
430,149,46,37
431,162,36,14
432,182,40,5
433,184,27,5
434,151,4,47
435,5,18,18
436,191,1,42
437,32,26,27
438,153,34,23
439,86,57,20
440,129,45,24
441,145,34,38
442,156,60,45
443,178,55,12
444,18,46,15
445,4,9,20
446,114,51,22
447,6,40,42
448,3,50,49
449,184,36,42
450,113,39,20
451,129,26,50
452,193,35,26
453,143,29,43
454,39,8,30
455,127,50,44
456,148,27,43
457,120,19,36
458,191,15,18
459,114,4,20
460,0,29,45
461,106,21,50
462,116,33,37
463,96,15,15
464,7,9,19
465,95,54,6
466,72,50,50
467,17,46,30
468,96,19,28
469,138,35,9
470,51,5,6
471,75,42,12
472,183,17,35
473,191,10,27
474,17,38,34
475,99,8,43
476,150,6,30
477,118,9,26
478,121,55,11
479,26,24,28
480,189,10,23
481,132,60,27
482,45,31,30
483,83,36,31
484,164,8,27
485,109,39,31
486,158,35,45
487,123,41,8
488,133,12,21
489,33,50,30
490,152,9,37
491,96,40,11
492,1,16,45
493,11,41,38
494,155,9,22
495,28,52,45
496,30,40,13
497,14,38,35
498,194,33,36
499,49,1,14
500,122,52,48
501,23,46,23
502,86,30,43
503,128,2,44
504,159,30,14
505,149,16,30
506,199,4,10
507,126,27,31
508,165,22,29
509,108,15,31
510,71,1,38
511,24,47,19
512,158,54,5
513,29,49,35
514,142,32,46
515,165,45,49
516,21,53,33
517,131,1,40
518,174,9,44
519,37,51,28
520,186,24,22
521,86,5,47
522,159,48,10
523,96,6,42
524,18,46,49
525,41,32,6
526,7,40,16
527,18,24,45
528,23,43,24
529,39,18,34
530,36,30,28
531,134,39,31
532,168,41,35
533,108,48,35
534,197,34,19
535,117,26,36
536,0,26,42
537,25,24,16
538,105,42,10
539,161,54,39
540,61,24,46
541,64,18,46
542,45,52,6
543,100,39,13
544,28,50,43
545,95,32,10
546,126,3,33
547,8,11,40
548,101,8,14
549,182,60,36
550,133,55,34
551,47,37,26
552,8,8,18
553,110,29,17
554,159,52,48
555,146,24,25
556,87,5,19
557,196,34,31
558,70,49,27
559,54,44,28
560,178,48,41
561,116,23,11
562,107,50,11
563,41,33,26
564,35,56,41
565,21,3,16
566,124,23,49
567,114,36,47
568,118,15,14
569,177,44,47
570,163,50,19
571,28,27,28
572,9,24,49
573,102,51,21
574,173,48,19
575,82,54,13
576,174,47,6
577,75,1,26
578,195,44,19
579,65,4,45
580,54,53,19
581,140,16,28
582,19,2,16
583,116,37,44
584,193,47,12
585,91,55,36
586,75,23,34
587,185,48,15
588,192,17,37
589,145,26,27
590,66,53,29
591,53,8,32
592,104,33,48
593,113,17,13
594,48,49,9
595,24,27,17
596,128,58,34
597,192,3,9
598,120,33,44
599,57,43,32
600,118,29,26
601,4,10,28
602,154,17,41
603,157,15,18
604,38,40,18
605,4,24,41
606,153,21,46
607,66,47,50
608,122,2,15
609,6,54,31
610,171,26,43
611,158,29,42
612,183,23,19
613,86,32,7
614,56,10,48
615,109,33,19
616,151,15,22
617,5,3,47
618,0,52,46
619,144,59,12
620,105,55,16
621,188,40,36
622,86,40,24
623,150,37,29
624,61,5,9
625,99,56,32
626,68,14,20
627,93,2,18
628,111,23,24
629,72,41,26
630,122,31,35
631,22,36,35
632,110,50,29
633,169,8,42
634,116,34,28
635,160,12,49
636,163,6,35
637,54,57,24
638,11,19,38
639,175,39,50
640,106,22,19
641,68,9,25
642,134,47,18
643,129,8,38
644,129,5,16
645,130,49,19
646,2,14,38
647,163,40,39
648,154,13,31
649,70,35,8
650,57,36,42
651,133,29,40
652,95,23,25
653,85,14,20
654,102,1,28
655,121,9,8
656,176,7,35
657,86,22,9
658,144,13,26
659,138,14,7
660,37,30,42
661,182,53,15
662,55,20,7
663,194,5,37
664,23,50,35
665,93,21,19
666,167,19,18
667,51,4,8
668,26,60,25
669,17,22,33
670,101,10,17
671,0,43,11
672,83,26,35
673,188,25,32
674,103,32,33
675,85,21,17
676,82,8,42
677,154,49,37
678,194,32,14
679,144,47,44
680,85,24,23
681,83,21,5
682,51,35,29
683,169,8,8
684,179,39,32
685,6,57,40
686,56,28,30
687,103,30,11
688,95,56,19
689,154,2,27
690,74,53,16
691,65,27,35
692,96,34,31
693,39,7,45
694,79,45,45
695,104,52,19
696,108,54,24
697,73,46,21
698,161,53,41
699,133,15,29
700,165,54,24
701,60,52,17
702,189,19,40
703,143,2,6
704,16,1,23
705,162,15,8
706,80,28,29
707,36,9,37
708,30,27,45
709,138,51,13
710,188,33,17
711,191,15,12
712,52,14,48
713,55,6,12
714,62,7,24
715,145,31,30
716,65,40,10
717,8,10,9
718,173,57,15
719,34,53,17
720,42,32,37
721,127,12,40
722,13,28,38
723,14,20,35
724,124,53,42
725,33,5,47
726,168,3,35
727,28,57,27
728,112,49,11
729,144,31,30
730,12,7,44
731,146,18,17
732,91,45,23
733,58,29,17
734,161,20,12
735,87,19,30
736,133,3,37
737,104,15,10
738,17,56,42
739,37,43,33
740,87,58,36
741,72,44,30
742,21,58,14
743,27,34,21
744,192,55,19
745,158,35,20
746,89,42,17
747,78,55,10
748,12,33,6
749,14,9,13
750,9,31,10
751,106,47,36
752,103,39,25
753,15,14,13
754,107,40,17
755,142,22,9
756,113,7,15
757,121,10,48
758,64,45,39
759,165,30,7
760,9,28,43
761,44,55,46
762,117,57,47
763,107,34,27
764,38,58,11
765,126,5,19
766,49,26,23
767,41,19,8
768,132,14,42
769,170,32,7
770,156,5,28
771,28,46,43
772,19,41,45
773,16,4,46
774,60,47,50
775,188,18,27
776,120,52,9
777,194,42,39
778,37,59,20
779,53,13,15
780,9,14,31
781,29,12,11
782,76,50,9
783,68,20,6
784,43,35,25
785,81,54,21
786,10,26,26
787,8,6,32
788,89,20,47
789,130,3,11
790,57,53,39
791,169,45,11
792,99,25,11
793,135,8,37
794,19,15,25
795,160,37,19
796,61,55,17
797,91,27,18
798,69,51,45
799,88,45,18
800,89,4,16
801,19,57,10
802,32,53,16
803,193,6,21
804,63,10,21
805,31,42,28
806,195,29,31
807,33,1,43
808,111,53,43
809,63,28,18
810,98,48,34
811,79,40,50
812,86,18,15
813,29,50,41
814,20,5,26
815,38,49,32
816,87,38,17
817,62,44,5
818,66,51,13
819,116,38,23
820,116,44,17
821,118,53,25
822,32,26,47
823,0,45,22
824,74,46,11
825,51,39,7
826,181,13,12
827,38,12,30
828,47,24,10
829,57,49,20
830,28,5,36
831,110,60,10
832,169,14,23
833,194,9,32
834,110,15,14
835,4,23,46
836,149,17,14
837,20,20,7
838,62,18,9
839,41,46,24
840,151,28,45
841,147,29,10
842,92,40,18
843,68,21,14
844,84,32,6
845,107,40,46
846,116,51,30
847,30,35,29
848,122,39,19
849,86,47,11
850,17,38,16
851,109,53,23
852,49,22,8
853,93,39,6
854,26,49,7
855,188,51,7
856,0,47,50
857,131,40,41
858,160,58,23
859,86,8,17
860,94,16,32
861,171,39,25
862,89,46,37
863,46,2,6
864,5,9,34
865,174,57,25
866,133,7,27
867,0,9,11
868,40,6,10
869,72,53,26
870,15,4,10
871,123,16,20
872,86,20,49
873,168,6,46
874,90,20,30
875,177,13,5
876,27,50,9
877,157,58,15
878,10,49,22
879,41,34,41
880,74,11,44
881,9,8,36
882,45,2,49
883,131,44,25
884,166,57,33
885,181,40,29
886,57,17,30
887,184,13,43
888,124,9,47
889,14,10,11
890,84,8,33
891,66,57,36
892,91,9,33
893,12,53,19
894,80,17,11
895,110,52,6
896,44,24,40
897,191,2,6
898,101,44,9
899,63,28,22
900,2,19,10
901,58,45,39
902,199,51,41
903,74,19,50
904,145,44,27
905,122,9,13
906,180,51,40
907,8,26,9
908,136,47,30
909,14,2,8
910,175,16,22
911,124,56,18
912,83,44,40
913,165,42,16
914,22,45,39
915,39,60,39
916,74,34,42
917,104,11,5
918,0,33,45
919,106,59,28
920,158,7,6
921,170,6,8
922,6,47,9
923,67,39,41
924,71,22,10
925,164,52,34
926,117,29,28
927,196,8,50
928,136,14,27
929,122,48,11
930,55,48,33
931,63,45,21
932,105,16,46
933,58,49,29
934,118,4,35
935,169,48,47
936,30,55,21
937,64,47,37
938,178,28,38
939,162,52,17
940,123,5,47
941,72,49,8
942,23,59,34
943,61,15,44
944,41,20,39
945,134,21,35
946,16,8,9
947,126,50,16
948,91,23,10
949,9,10,49
950,56,56,33
951,34,27,24
952,18,2,8
953,112,23,17
954,130,18,42
955,158,6,39
956,22,19,31
957,130,12,12
958,82,43,27
959,15,39,46
960,106,49,23
961,84,44,24
962,129,34,23
963,187,24,26
964,137,45,10
965,71,40,19
966,156,2,15
967,57,44,13
968,4,17,47
969,127,60,25
970,86,28,42
971,49,36,8
972,119,32,13
973,58,11,17
974,187,44,48
975,55,41,40
976,164,31,49
977,13,55,10
978,52,31,19
979,159,7,7
980,170,23,26
981,22,58,8
982,168,58,14
983,6,34,47
984,9,38,50
985,178,12,40
986,42,47,39
987,1,11,41
988,94,30,27
989,25,12,17
990,114,32,30
991,22,6,20
992,148,57,21
993,156,34,15
994,46,19,10
995,149,15,32
996,129,47,41
997,152,34,20
998,100,27,24
999,111,39,15
1000,164,51,24
1001,164,17,47
1002,64,25,21
1003,157,11,46
1004,140,31,32
1005,121,39,50
1006,125,56,47
1007,94,13,42
1008,81,18,5
1009,199,35,50
1010,93,22,31
1011,69,23,11
1012,26,11,19
1013,102,49,44
1014,190,50,10
1015,108,49,7
1016,164,2,24
1017,14,39,7
1018,194,34,23
1019,150,60,31
1020,122,53,14
1021,139,34,6
1022,165,39,12
1023,54,44,44
1024,142,23,5
1025,144,35,8
1026,16,54,44
1027,179,29,20
1028,141,24,19
1029,181,58,28
1030,77,49,16
1031,199,18,16
1032,120,6,39
1033,64,44,27
1034,90,37,40
1035,108,1,35
1036,167,36,37
1037,193,29,17
1038,181,29,44
1039,108,13,13
1040,155,52,25
1041,20,58,12
1042,113,7,16
1043,160,45,5
1044,126,32,14
1045,157,46,48
1046,5,29,27
1047,5,50,41
1048,69,53,31
1049,17,54,45
1050,190,43,34
1051,39,21,15
1052,34,36,20
1053,4,22,23
1054,69,10,5
1055,127,56,23
1056,144,8,47
1057,79,34,19
1058,15,15,39
1059,69,12,34
1060,113,43,42
1061,127,50,14
1062,144,17,33
1063,179,31,41
1064,3,52,13
1065,72,24,29
1066,192,10,37
1067,26,29,17
1068,180,4,28
1069,153,8,15
1070,81,8,34
1071,194,59,12
1072,80,43,26
1073,100,14,18
1074,73,41,24
1075,47,15,45
1076,128,11,18
1077,129,5,46
1078,85,49,23
1079,0,5,40
1080,139,2,9
1081,180,13,9
1082,100,52,17
1083,78,42,22
1084,116,48,31
1085,41,37,37
1086,149,20,24
1087,188,23,18
1088,53,3,42
1089,101,48,10
1090,123,46,42
1091,26,7,27
1092,46,40,40
1093,119,49,48
1094,170,50,12
1095,136,28,31
1096,12,52,36
1097,65,38,44
1098,51,25,48
1099,56,40,36
1100,63,22,32
1101,136,5,23
1102,65,5,23
1103,91,48,13
1104,159,38,36
1105,136,5,10
1106,10,22,13
1107,125,44,5
1108,93,38,17
1109,13,33,40
1110,164,7,7
1111,70,24,26
1112,34,9,41
1113,112,2,25
1114,18,10,48
1115,146,57,12
1116,56,43,37
1117,21,6,32
1118,4,37,39
1119,178,20,34
1120,1,8,10
1121,98,16,13
1122,171,52,24
1123,149,20,11
1124,163,34,19
1125,155,57,22
1126,165,20,37
1127,7,54,43
1128,162,28,28
1129,30,35,12
1130,64,14,20
1131,97,42,21
1132,183,15,8
1133,101,38,5
1134,63,39,32
1135,105,31,42
1136,199,3,20
1137,199,41,5
1138,129,4,11
1139,161,8,18
1140,136,7,46
1141,161,19,48
1142,138,12,49
1143,177,55,45
1144,186,52,23
1145,173,39,30
1146,93,31,19
1147,170,31,47
1148,189,9,17
1149,187,5,37
1150,110,37,50
1151,93,33,6
1152,53,4,39
1153,77,23,49
1154,116,41,42
1155,119,57,48
1156,80,10,50
1157,55,15,8
1158,114,27,14
1159,0,32,11
1160,147,37,32
1161,159,9,6
1162,17,37,18
1163,197,54,36
1164,10,40,18
1165,72,34,14
1166,10,50,12
1167,65,47,50
1168,24,39,37
1169,67,1,8
1170,148,14,29
1171,52,43,11
1172,132,38,33
1173,26,22,9
1174,124,33,7
1175,112,26,24
1176,177,40,31
1177,58,36,6
1178,178,8,28
1179,120,13,37
1180,114,29,39
1181,105,26,42
1182,89,59,42
1183,60,2,42
1184,146,26,43
1185,70,48,11
1186,67,13,43
1187,32,33,31
1188,35,4,16
1189,72,59,18
1190,129,32,24
1191,45,13,49
1192,181,29,25
1193,19,22,26
1194,44,35,43
1195,170,40,48
1196,116,59,31
1197,80,39,8
1198,17,43,21
1199,147,11,34
1200,64,19,5
1201,11,21,24
1202,20,39,19
1203,135,28,5
1204,154,49,28
1205,128,59,50
1206,18,19,43
1207,128,54,20
1208,74,57,24
1209,9,55,23
1210,117,26,36
1211,31,32,46
1212,63,2,17
1213,58,59,26
1214,82,14,17
1215,57,37,45
1216,45,14,21
1217,62,37,29
1218,182,27,50
1219,79,23,33
1220,140,41,28
1221,29,55,28
1222,41,59,13
1223,84,27,12
1224,42,7,42
1225,198,30,6
1226,31,2,20
1227,106,10,46
1228,173,53,28
1229,83,37,21
1230,135,50,50
1231,78,30,41
1232,196,35,45
1233,104,17,6
1234,11,42,43
1235,95,58,35
1236,30,38,50
1237,60,9,29
1238,80,52,24
1239,28,52,22
1240,155,27,26
1241,165,10,22
1242,170,20,36
1243,65,23,49
1244,92,44,14
1245,44,45,34
1246,15,54,15
1247,43,37,13
1248,127,12,13
1249,142,40,43
1250,183,49,11
1251,1,18,21
1252,1,10,23
1253,110,6,20
1254,130,23,37
1255,163,14,47
1256,151,14,36
1257,184,16,30
1258,155,37,11
1259,172,14,31
1260,112,29,22
1261,43,3,34
1262,155,16,31
1263,34,33,33
1264,47,52,19
1265,99,6,26
1266,198,1,6
1267,124,54,19
1268,185,39,22
1269,92,3,26
1270,60,26,29
1271,179,18,10
1272,151,20,30
1273,5,53,27
1274,152,49,6
1275,80,30,6
1276,1,58,18
1277,185,23,10
1278,59,44,27
1279,169,38,42
1280,165,37,28
1281,139,23,43
1282,86,48,40
1283,157,13,29
1284,122,19,50
1285,125,18,17
1286,120,22,44
1287,91,41,44
1288,167,8,30
1289,134,37,34
1290,119,36,44
1291,140,26,27
1292,115,46,9
1293,81,56,13
1294,26,46,44
1295,45,60,19
1296,33,57,38
1297,71,24,18
1298,133,14,48
1299,93,20,40
1300,163,32,38
1301,50,21,9
1302,77,2,11
1303,188,20,33
1304,141,50,44
1305,172,36,41
1306,11,26,29
1307,155,55,29
1308,97,45,15
1309,38,25,15
1310,193,3,23
1311,155,14,8
1312,151,51,17
1313,130,31,9
1314,177,26,31
1315,196,59,35
1316,159,46,46
1317,141,56,40
1318,13,7,50
1319,105,40,27
1320,195,31,23
1321,49,42,27
1322,30,6,20
1323,84,59,36
1324,120,54,33
1325,27,55,17
1326,17,15,22
1327,190,22,25
1328,116,4,18
1329,71,31,38
1330,126,16,24
1331,26,14,31
1332,49,2,39
1333,66,49,34
1334,157,32,48
1335,63,52,50
1336,157,26,30
1337,121,39,37
1338,75,14,50
1339,20,7,21
1340,147,41,32
1341,145,56,24
1342,58,7,15
1343,110,39,29
1344,56,44,44
1345,186,11,15
1346,81,33,49
1347,121,18,6
1348,174,26,26
1349,157,51,10
1350,80,53,46
1351,192,24,10
1352,127,29,37
1353,17,21,40
1354,192,48,47
1355,47,8,42
1356,46,2,10
1357,124,3,19
1358,8,59,19
1359,91,18,29
1360,63,40,28
1361,71,26,30
1362,71,12,46
1363,87,56,26
1364,25,33,41
1365,119,52,48
1366,121,27,21
1367,104,3,5
1368,153,53,39
1369,70,22,9
1370,105,33,11
1371,119,44,15
1372,62,19,19
1373,194,10,41
1374,66,49,14
1375,152,30,22
1376,61,49,26
1377,79,1,18
1378,69,51,17
1379,116,41,35
1380,178,34,31
1381,93,50,13
1382,63,44,40
1383,141,13,28
1384,117,45,18
1385,54,32,22
1386,56,7,36
1387,76,17,23
1388,112,1,24
1389,129,33,27
1390,23,54,28
1391,20,15,21
1392,161,18,20
1393,189,54,48
1394,83,21,6
1395,105,40,32
1396,76,31,47
1397,117,45,45
1398,165,48,39
1399,49,2,21
1400,136,48,19
1401,54,44,30
1402,132,18,14
1403,28,16,41
1404,102,13,14
1405,82,20,43
1406,148,6,6
1407,196,48,6
1408,83,47,17
1409,3,45,43
1410,141,36,23
1411,133,10,30
1412,111,7,45
1413,135,24,11
1414,136,28,29
1415,197,42,44
1416,52,11,46
1417,32,32,46
1418,141,43,8
1419,31,46,5
1420,62,52,7
1421,16,25,41
1422,99,10,45
1423,85,59,5
1424,175,59,30
1425,169,31,32
1426,146,38,22
1427,50,30,10
1428,51,52,7
1429,56,23,33
1430,30,9,26
1431,21,20,36
1432,17,53,20
1433,76,11,46
1434,39,7,36
1435,132,43,25
1436,187,60,30
1437,149,41,25
1438,144,31,22
1439,68,21,17
1440,110,51,17
1441,186,7,8
1442,129,13,34
1443,115,33,22
1444,38,1,13
1445,120,54,11
1446,86,32,35
1447,67,33,46
1448,118,50,41
1449,154,4,5
1450,142,38,24
1451,114,51,26
1452,137,15,28
1453,132,27,31
1454,51,33,27
1455,17,15,16
1456,44,53,34
1457,66,7,35
1458,24,2,45
1459,34,44,29
1460,73,23,29
1461,117,38,47
1462,33,21,15
1463,195,41,28
1464,2,2,50
1465,178,13,32
1466,101,58,26
1467,93,36,38
1468,143,55,39
1469,183,29,43
1470,76,1,47
1471,176,42,10
1472,25,51,29
1473,71,42,19
1474,197,5,43
1475,78,33,28
1476,67,39,44
1477,24,38,38
1478,11,17,25
1479,181,13,45
1480,177,32,21
1481,128,26,34
1482,78,51,38
1483,101,45,46
1484,3,58,42
1485,53,57,26
1486,112,10,28
1487,36,10,25
1488,173,38,10
1489,159,39,8
1490,179,29,9
1491,7,42,43
1492,92,47,24
1493,137,4,24
1494,106,43,40
1495,76,55,7
1496,161,37,24
1497,185,46,30
1498,87,28,5
1499,105,16,9
1500,121,40,35
1501,31,15,7
1502,12,5,21
1503,102,26,32
1504,112,15,48
1505,188,37,25
1506,179,13,6
1507,126,49,26
1508,33,32,38
1509,119,20,40
1510,100,1,32
1511,155,23,45
1512,41,50,34
1513,133,42,42
1514,191,19,49
1515,56,57,7
1516,105,50,42
1517,90,57,45
1518,96,34,44
1519,172,54,18
1520,85,4,40
1521,79,11,42
1522,161,60,10
1523,73,58,8
1524,81,31,42
1525,73,10,11
1526,8,60,20
1527,185,15,42
1528,159,32,34
1529,86,24,33
1530,12,56,14
1531,49,36,37
1532,39,38,31
1533,28,57,46
1534,84,17,14
1535,151,26,41
1536,137,54,41
1537,39,14,46
1538,183,45,50
1539,190,28,21
1540,24,40,12
1541,127,23,49
1542,144,49,20
1543,160,32,15
1544,69,19,41
1545,79,25,29
1546,16,33,23
1547,8,29,5
1548,121,44,49
1549,95,46,17
1550,92,27,47
1551,174,37,30
1552,33,5,19
1553,62,10,38
1554,106,36,41
1555,40,34,28
1556,39,14,45
1557,184,48,44
1558,74,48,26
1559,70,48,30
1560,169,4,19
1561,136,54,30
1562,175,50,30
1563,135,14,19
1564,187,16,5
1565,175,39,15
1566,3,7,31
1567,48,54,48
1568,111,36,10
1569,19,50,7
1570,74,40,15
1571,42,60,8
1572,35,51,25
1573,51,54,37
1574,134,5,49
1575,196,13,20
1576,76,4,33
1577,146,2,21
1578,113,13,10
1579,54,29,21
1580,94,16,43
1581,3,21,8
1582,31,5,36
1583,129,18,40
1584,120,55,16
1585,7,32,45
1586,123,38,46
1587,61,32,18
1588,180,51,28
1589,97,46,21
1590,108,56,35
1591,56,36,32
1592,29,31,44
1593,199,39,5
1594,132,49,19
1595,6,11,36
1596,167,26,12
1597,166,8,36
1598,99,31,34
1599,45,18,48
1600,139,43,10
1601,198,39,9
1602,46,1,33
1603,121,50,17
1604,104,7,30
1605,16,17,11
1606,15,25,11
1607,145,56,42
1608,80,42,45
1609,135,9,7
1610,111,18,23
1611,153,54,41
1612,72,46,8
1613,178,44,6
1614,119,12,41
1615,0,21,33
1616,87,14,39
1617,70,29,43
1618,33,5,32
1619,99,47,33
1620,16,18,47
1621,160,21,42
1622,167,41,31
1623,139,9,8
1624,55,55,24
1625,39,38,23
1626,157,39,19
1627,137,3,15
1628,171,20,17
1629,98,44,9
1630,93,44,21
1631,90,48,42
1632,27,49,21
1633,33,13,50
1634,141,42,30
1635,116,22,14
1636,14,28,49
1637,96,28,9
1638,9,6,31
1639,185,54,22
1640,97,54,33
1641,33,32,15
1642,141,51,14
1643,74,21,28
1644,142,58,23
1645,96,19,21
1646,21,12,24
1647,48,36,49
1648,152,52,29
1649,48,38,31
1650,113,14,5
1651,79,40,8
1652,8,44,47
1653,166,26,36
1654,113,41,21
1655,137,8,29
1656,176,48,38
1657,144,57,27
1658,181,38,30
1659,158,1,34
1660,165,42,14
1661,15,4,25
1662,196,5,13
1663,75,22,7
1664,45,2,22
1665,78,22,23
1666,188,17,7
1667,126,8,27
1668,169,23,50
1669,145,10,40
1670,162,48,32
1671,74,53,44
1672,50,59,45
1673,131,47,31
1674,16,20,6
1675,150,42,34
1676,124,29,46
1677,66,2,14
1678,157,36,23
1679,62,53,43
1680,194,18,48
1681,112,9,21
1682,50,20,26
1683,45,58,47
1684,117,37,8
1685,149,44,46
1686,109,58,29
1687,73,25,24
1688,103,4,38
1689,1,16,43
1690,34,44,34
1691,79,18,46
1692,100,13,25
1693,118,48,43
1694,125,50,13
1695,122,39,13
1696,127,42,37
1697,149,21,36
1698,50,1,39
1699,107,16,47
1700,28,23,13
1701,124,9,9
1702,122,44,21
1703,137,52,29
1704,88,6,45
1705,55,5,50
1706,187,60,9
1707,32,32,30
1708,70,6,21
1709,142,15,38
1710,44,54,10
1711,145,60,35
1712,151,25,10
1713,60,59,21
1714,113,5,26
1715,123,20,36
1716,128,58,38
1717,65,43,20
1718,24,41,27
1719,0,4,14
1720,173,33,11
1721,197,53,35
1722,71,54,14
1723,25,55,8
1724,153,23,40
1725,78,57,5
1726,187,40,27
1727,75,39,30
1728,82,36,49
1729,161,60,14
1730,62,8,16
1731,78,41,32
1732,55,11,46
1733,169,32,13
1734,101,14,49
1735,101,5,15
1736,29,37,21
1737,65,48,16
1738,195,56,48
1739,72,18,5
1740,176,39,5
1741,43,11,32
1742,13,38,16
1743,19,36,15
1744,65,13,5
1745,36,20,42
1746,66,14,27
1747,136,10,23
1748,33,29,43
1749,18,16,34
1750,97,45,19
1751,35,59,17
1752,73,4,14
1753,151,43,30
1754,118,40,39
1755,161,9,40
1756,30,23,24
1757,117,45,6
1758,171,47,33
1759,161,32,12
1760,187,17,32
1761,113,38,40
1762,157,14,50
1763,104,8,36
1764,82,38,8
1765,108,56,42
1766,127,48,14
1767,195,13,15
1768,120,53,20
1769,158,29,23
1770,128,59,5
1771,125,43,16
1772,175,17,40
1773,149,49,29
1774,101,32,43
1775,15,54,41
1776,126,28,16
1777,37,41,17
1778,2,33,14
1779,170,9,15
1780,89,28,37
1781,71,32,32
1782,89,44,39
1783,116,15,19
1784,109,20,30
1785,188,55,21
1786,195,1,50
1787,117,19,30
1788,97,17,25
1789,84,23,20
1790,49,24,39
1791,17,39,35
1792,145,1,44
1793,20,19,43
1794,134,10,47
1795,98,17,24
1796,71,57,20
1797,150,29,5
1798,83,34,42
1799,100,53,13
1800,180,2,9
1801,74,33,41
1802,79,58,17
1803,43,27,40
1804,199,24,9
1805,167,46,49
1806,110,37,33
1807,97,28,16
1808,67,28,46
1809,32,58,7
1810,50,40,15
1811,43,4,36
1812,91,21,46
1813,159,53,15
1814,181,53,14
1815,59,54,43
1816,27,14,25
1817,74,32,50
1818,62,57,45
1819,157,53,36
1820,114,41,29
1821,13,20,41
1822,12,29,36
1823,161,60,37
1824,136,3,20
1825,3,3,10
1826,56,43,47
1827,115,5,40
1828,84,46,25
1829,116,33,33
1830,42,49,29
1831,152,19,35
1832,78,26,30
1833,134,3,11
1834,13,36,23
1835,1,8,42
1836,7,16,9
1837,113,18,5
1838,39,30,13
1839,146,19,32
1840,113,23,19
1841,160,51,33
1842,147,9,22
1843,42,59,27
1844,47,30,42
1845,37,37,42
1846,100,3,11
1847,69,52,11
1848,80,41,50
1849,13,29,28
1850,147,55,8
1851,153,25,19
1852,79,25,26
1853,58,27,20
1854,155,40,27
1855,26,34,46
1856,12,59,10
1857,180,3,45
1858,106,32,16
1859,84,51,21
1860,165,38,47
1861,55,20,22
1862,67,38,33
1863,11,12,25
1864,92,15,27
1865,37,49,14
1866,114,2,13
1867,30,33,6
1868,174,58,48
1869,8,3,12
1870,13,19,46
1871,66,59,24
1872,21,4,40
1873,107,57,48
1874,187,2,25
1875,98,53,25
1876,12,48,40
1877,103,6,38
1878,126,20,25
1879,122,19,44
1880,163,43,8
1881,27,13,5
1882,178,10,44
1883,70,3,20
1884,55,60,22
1885,68,5,42
1886,23,48,33
1887,131,51,31
1888,89,38,26
1889,188,58,42
1890,20,16,7
1891,25,23,7
1892,117,30,13
1893,161,41,8
1894,149,20,38
1895,70,2,42
1896,165,12,8
1897,20,30,38
1898,189,26,41
1899,72,41,19
1900,37,49,34
1901,114,15,35
1902,72,48,40
1903,53,60,27
1904,196,35,37
1905,22,12,48
1906,191,42,29
1907,196,56,18
1908,25,59,10
1909,152,35,32
1910,83,32,15
1911,40,60,30
1912,59,48,47
1913,161,16,41
1914,26,4,37
1915,177,14,44
1916,169,20,9
1917,185,57,30
1918,163,32,10
1919,195,4,9
1920,119,13,25
1921,125,29,30
1922,189,60,43
1923,43,27,50
1924,97,17,28
1925,48,20,37
1926,158,53,43
1927,14,9,33
1928,174,25,18
1929,94,35,28
1930,7,9,28
1931,106,9,40
1932,10,38,14
1933,31,10,42
1934,174,29,46
1935,188,36,37
1936,193,42,34
1937,192,48,41
1938,194,45,26
1939,101,21,46
1940,142,50,14
1941,130,15,10
1942,9,49,48
1943,198,9,47
1944,67,3,8
1945,90,35,18
1946,41,50,22
1947,181,15,14
1948,183,7,28
1949,60,25,6
1950,198,17,50
1951,6,5,33
1952,163,47,17
1953,10,4,33
1954,56,41,19
1955,177,45,38
1956,163,30,15
1957,103,6,45
1958,190,35,37
1959,77,31,24
1960,21,34,30
1961,163,4,16
1962,127,8,18
1963,100,26,43
1964,115,1,16
1965,63,22,15
1966,60,49,38
1967,107,8,19
1968,62,25,20
1969,110,33,14
1970,129,7,44
1971,52,11,34
1972,30,28,21
1973,108,59,49
1974,16,56,25
1975,28,37,45
1976,70,37,26
1977,34,42,33
1978,23,37,38
1979,98,44,5
1980,87,29,21
1981,8,29,15
1982,171,42,44
1983,31,14,46
1984,141,52,22
1985,147,51,10
1986,54,38,5
1987,103,26,31
1988,94,39,40
1989,192,8,15
1990,126,52,44
1991,124,4,35
1992,32,49,40
1993,61,56,45
1994,75,51,8
1995,110,21,23
1996,79,47,18
1997,8,16,24
1998,114,28,33
1999,29,16,45
